datum;cas;tipujici;kategorie;poradi;tip_raw;tip_kanonicky
2026-05-07;10:13;Tipujici_52;GC;1;Jonas Vingegaard;Vingegaard Jonas
2026-05-07;10:13;Tipujici_52;GC;2;Giulio Pellizzari;Pellizzari Giulio
2026-05-07;10:13;Tipujici_52;GC;3;Felix Gall;Gall Felix
2026-05-07;10:13;Tipujici_52;Vrchar;1;KOM: Jay Vine;Vine Jay
2026-05-07;10:13;Tipujici_52;Sprinter;1;Body: Jonathan Milan;Milan Jonathan
2026-05-07;10:13;Tipujici_52;Mladik;1;Biely: Giulio Pellizzari;Pellizzari Giulio
2026-05-07;10:13;Tipujici_52;Tym;1;Red Bull;Red Bull
2026-05-07;10:13;Tipujici_52;30+;1;Adam Yates;Yates Adam
2026-05-07;10:13;Tipujici_52;30+;2;Ben O'Connor;O Connor Ben
2026-05-07;10:13;Tipujici_52;30+;3;Jai Hindley;Hindley Jai
2026-05-07;10:55;Tipujici_06;GC;1;Vingegaard;Vingegaard Jonas
2026-05-07;10:55;Tipujici_06;GC;2;Pelizzari;Pellizzari Giulio
2026-05-07;10:55;Tipujici_06;GC;3;Bernal;Bernal Egan
2026-05-07;10:55;Tipujici_06;Vrchar;1;Vrcharsky: Ciccone;Ciccone Giulio
2026-05-07;10:55;Tipujici_06;Sprinter;1;Body: Milan;Milan Jonathan
2026-05-07;10:55;Tipujici_06;Mladik;1;biely: Pelizzari;Pellizzari Giulio
2026-05-07;10:55;Tipujici_06;Tym;1;Red Bull;Red Bull
2026-05-07;10:55;Tipujici_06;30+;1;Yates;Yates Adam
2026-05-07;10:55;Tipujici_06;30+;2;Vlasov;Vlasov Aleksandr
2026-05-07;10:55;Tipujici_06;30+;3;Kuss;Kuss Sepp
2026-05-07;13:43;Tipujici_09;GC;1;Jonas Vingegaard;Vingegaard Jonas
2026-05-07;13:43;Tipujici_09;GC;2;Ben O'Connor;O Connor Ben
2026-05-07;13:43;Tipujici_09;GC;3;Giulio Pelizzari;Pellizzari Giulio
2026-05-07;13:43;Tipujici_09;Vrchar;1;KOM: Jonas Vingegaard;Vingegaard Jonas
2026-05-07;13:43;Tipujici_09;Sprinter;1;Body: Jonathan Milan;Milan Jonathan
2026-05-07;13:43;Tipujici_09;Mladik;1;Biely: Giulio Pellizzari;Pellizzari Giulio
2026-05-07;13:43;Tipujici_09;Tym;1;Lidl Trek;Lidl
2026-05-07;13:43;Tipujici_09;30+;1;Ben O'Connor;O Connor Ben
2026-05-07;13:43;Tipujici_09;30+;2;Jai Hindley;Hindley Jai
2026-05-07;13:43;Tipujici_09;30+;3;Adam Yates;Yates Adam
2026-05-07;14:52;Tipujici_42;GC;1;Vingegaard;Vingegaard Jonas
2026-05-07;14:52;Tipujici_42;GC;2;Pellizzari;Pellizzari Giulio
2026-05-07;14:52;Tipujici_42;GC;3;Gall;Gall Felix
2026-05-07;14:52;Tipujici_42;Vrchar;1;KOM: Vingegaard;Vingegaard Jonas
2026-05-07;14:52;Tipujici_42;Sprinter;1;Body: Milan;Milan Jonathan
2026-05-07;14:52;Tipujici_42;Mladik;1;Biely: Pelizzari;Pellizzari Giulio
2026-05-07;14:52;Tipujici_42;Tym;1;Red Bull;Red Bull
2026-05-07;14:52;Tipujici_42;30+;1;Yates;Yates Adam
2026-05-07;14:52;Tipujici_42;30+;2;O Connor;O Connor Ben
2026-05-07;14:52;Tipujici_42;30+;3;Mas;Mas Enric
2026-05-07;16:20;Tipujici_22;GC;1;Jonas;Vingegaard Jonas
2026-05-07;16:20;Tipujici_22;GC;2;Pellizzari;Pellizzari Giulio
2026-05-07;16:20;Tipujici_22;GC;3;Bernal;Bernal Egan
2026-05-07;16:20;Tipujici_22;Vrchar;1;Storer;Storer Michael
2026-05-07;16:20;Tipujici_22;Sprinter;1;Magnier;Magnier Paul
2026-05-07;16:20;Tipujici_22;Mladik;1;Gulio Pelilizzari;Pellizzari Giulio
2026-05-07;16:20;Tipujici_22;Tym;1;Red Bull;Red Bull
2026-05-07;16:20;Tipujici_22;30+;1;Hindley;Hindley Jai
2026-05-07;16:20;Tipujici_22;30+;2;O'Connor;O Connor Ben
2026-05-07;16:20;Tipujici_22;30+;3;Vlasov;Vlasov Aleksandr
2026-05-07;17:05;Tipujici_58;GC;1;Vingegaard;Vingegaard Jonas
2026-05-07;17:05;Tipujici_58;GC;2;Yates;Yates Adam
2026-05-07;17:05;Tipujici_58;GC;3;Pellizzari;Pellizzari Giulio
2026-05-07;17:05;Tipujici_58;Vrchar;1;Narvaez;Narvaez Jhonatan
2026-05-07;17:05;Tipujici_58;Sprinter;1;Milan;Milan Jonathan
2026-05-07;17:05;Tipujici_58;Mladik;1;Pellizzari;Pellizzari Giulio
2026-05-07;17:05;Tipujici_58;Tym;1;Lidl;Lidl
2026-05-07;17:05;Tipujici_58;30+;1;Yates;Yates Adam
2026-05-07;17:05;Tipujici_58;30+;2;O'Connor;O Connor Ben
2026-05-07;17:05;Tipujici_58;30+;3;Ulissi;Ulissi Diego
2026-05-07;20:03;Tipujici_07;GC;1;Vingegaar J.;Vingegaard Jonas
2026-05-07;20:03;Tipujici_07;GC;2;Pellizzari G.;Pellizzari Giulio
2026-05-07;20:03;Tipujici_07;GC;3;Bernal E.;Bernal Egan
2026-05-07;20:03;Tipujici_07;Vrchar;1;Soler M.;Soler Marc
2026-05-07;20:03;Tipujici_07;Sprinter;1;Milan J.;Milan Jonathan
2026-05-07;20:03;Tipujici_07;Mladik;1;Pellizari G.;Pellizzari Giulio
2026-05-07;20:03;Tipujici_07;Tym;1;Visma;Visma
2026-05-07;20:03;Tipujici_07;30+;1;Yates A.;Yates Adam
2026-05-07;20:03;Tipujici_07;30+;2;Hindley J.;Hindley Jai
2026-05-07;20:03;Tipujici_07;30+;3;O'Connor B.;O Connor Ben
2026-05-07;20:06;Tipujici_35;GC;1;Vingegaard;Vingegaard Jonas
2026-05-07;20:06;Tipujici_35;GC;2;Pellizzari;Pellizzari Giulio
2026-05-07;20:06;Tipujici_35;GC;3;Bernal;Bernal Egan
2026-05-07;20:06;Tipujici_35;Vrchar;1;Azzurra Ciccone;Ciccone Giulio
2026-05-07;20:06;Tipujici_35;Sprinter;1;Ciclamino Milan;Milan Jonathan
2026-05-07;20:06;Tipujici_35;Mladik;1;Bianca Pellizzari;Pellizzari Giulio
2026-05-07;20:06;Tipujici_35;Tym;1;Visma;Visma
2026-05-07;20:06;Tipujici_35;30+;1;Yates;Yates Adam
2026-05-07;20:06;Tipujici_35;30+;2;Hindley;Hindley Jai
2026-05-07;20:06;Tipujici_35;30+;3;O'Connor;O Connor Ben
2026-05-07;20:17;Tipujici_61;GC;1;Jonas;Vingegaard Jonas
2026-05-07;20:17;Tipujici_61;GC;2;Pellizzari;Pellizzari Giulio
2026-05-07;20:17;Tipujici_61;GC;3;Bernal;Bernal Egan
2026-05-07;20:17;Tipujici_61;Vrchar;1;Soler;Soler Marc
2026-05-07;20:17;Tipujici_61;Sprinter;1;Milan;Milan Jonathan
2026-05-07;20:17;Tipujici_61;Mladik;1;Gulio Pelilizzari;Pellizzari Giulio
2026-05-07;20:17;Tipujici_61;Tym;1;Red Bull;Red Bull
2026-05-07;20:17;Tipujici_61;30+;1;Ciccone;Ciccone Giulio
2026-05-07;20:17;Tipujici_61;30+;2;Yates;Yates Adam
2026-05-07;20:17;Tipujici_61;30+;3;Vlasov;Vlasov Aleksandr
2026-05-07;20:28;Tipujici_47;GC;1;Vingegaard;Vingegaard Jonas
2026-05-07;20:28;Tipujici_47;GC;2;Pellizzari;Pellizzari Giulio
2026-05-07;20:28;Tipujici_47;GC;3;Hindley;Hindley Jai
2026-05-07;20:28;Tipujici_47;Vrchar;1;Scaroni;Scaroni Christian
2026-05-07;20:28;Tipujici_47;Sprinter;1;Milan;Milan Jonathan
2026-05-07;20:28;Tipujici_47;Mladik;1;Pellizzari;Pellizzari Giulio
2026-05-07;20:28;Tipujici_47;Tym;1;Visma;Visma
2026-05-07;20:28;Tipujici_47;30+;1;Hindley;Hindley Jai
2026-05-07;20:28;Tipujici_47;30+;2;O'Connor;O Connor Ben
2026-05-07;20:28;Tipujici_47;30+;3;Hirt;Hirt Jan
2026-05-07;21:00;Tipujici_57;GC;1;Jonas;Vingegaard Jonas
2026-05-07;21:00;Tipujici_57;GC;2;Pellizzari;Pellizzari Giulio
2026-05-07;21:00;Tipujici_57;GC;3;Ben O Connor;O Connor Ben
2026-05-07;21:00;Tipujici_57;Vrchar;1;Jonas;Vingegaard Jonas
2026-05-07;21:00;Tipujici_57;Sprinter;1;Milan;Milan Jonathan
2026-05-07;21:00;Tipujici_57;Mladik;1;Pellizzari;Pellizzari Giulio
2026-05-07;21:00;Tipujici_57;Tym;1;Lidl;Lidl
2026-05-07;21:00;Tipujici_57;30+;1;Ben O Connor;O Connor Ben
2026-05-07;21:00;Tipujici_57;30+;2;Adam Yates;Yates Adam
2026-05-07;21:00;Tipujici_57;30+;3;Hindley;Hindley Jai
2026-05-07;21:16;Tipujici_04;GC;1;Vingegaard;Vingegaard Jonas
2026-05-07;21:16;Tipujici_04;GC;2;Gall;Gall Felix
2026-05-07;21:16;Tipujici_04;GC;3;Gee-West;Gee West
2026-05-07;21:16;Tipujici_04;Vrchar;1;Vrchni: Ciccone;Ciccone Giulio
2026-05-07;21:16;Tipujici_04;Sprinter;1;Spurter: Milan;Milan Jonathan
2026-05-07;21:16;Tipujici_04;Mladik;1;Mladas: Pellizzari;Pellizzari Giulio
2026-05-07;21:16;Tipujici_04;Tym;1;Ineos;Ineos
2026-05-07;21:16;Tipujici_04;30+;1;Caruso;Caruso Damiano
2026-05-07;21:16;Tipujici_04;30+;2;Hindley;Hindley Jai
2026-05-07;21:16;Tipujici_04;30+;3;O'Connor;O Connor Ben
2026-05-08;06:33;Tipujici_08;GC;1;Vingegaard;Vingegaard Jonas
2026-05-08;06:33;Tipujici_08;GC;2;Pellizzari;Pellizzari Giulio
2026-05-08;06:33;Tipujici_08;GC;3;Arensman;Arensman Thymen
2026-05-08;06:33;Tipujici_08;Vrchar;1;Vrchar-Scaroni;Scaroni Christian
2026-05-08;06:33;Tipujici_08;Sprinter;1;Body-Milan;Milan Jonathan
2026-05-08;06:33;Tipujici_08;Mladik;1;Mladik-Pellizzari;Pellizzari Giulio
2026-05-08;06:33;Tipujici_08;Tym;1;Red Bull;Red Bull
2026-05-08;06:33;Tipujici_08;30+;1;Hindley;Hindley Jai
2026-05-08;06:33;Tipujici_08;30+;2;O'Connor;O Connor Ben
2026-05-08;06:33;Tipujici_08;30+;3;Hirt;Hirt Jan
2026-05-08;08:05;Tipujici_33;GC;1;Jonas Vinegegaard;Vingegaard Jonas
2026-05-08;08:05;Tipujici_33;GC;2;Giulio Pellizzari;Pellizzari Giulio
2026-05-08;08:05;Tipujici_33;GC;3;Felix Gall;Gall Felix
2026-05-08;08:05;Tipujici_33;Vrchar;1;Santiago Buitrago;Buitrago Santiago
2026-05-08;08:05;Tipujici_33;Sprinter;1;Tobias Lund Andresen;Lund Andersen Tobias
2026-05-08;08:05;Tipujici_33;Mladik;1;Gulio Pellizzari;Pellizzari Giulio
2026-05-08;08:05;Tipujici_33;Tym;1;Red Bull Bora Hansgrohe;Red Bull
2026-05-08;08:05;Tipujici_33;30+;1;Jai Hindley;Hindley Jai
2026-05-08;08:05;Tipujici_33;30+;2;Adam Yates;Yates Adam
2026-05-08;08:05;Tipujici_33;30+;3;Damiano Caruso;Caruso Damiano
2026-05-08;08:19;Tipujici_46;GC;1;Vingegaard;Vingegaard Jonas
2026-05-08;08:19;Tipujici_46;GC;2;Pellizzari;Pellizzari Giulio
2026-05-08;08:19;Tipujici_46;GC;3;Gall;Gall Felix
2026-05-08;08:19;Tipujici_46;Vrchar;1;Ciccone;Ciccone Giulio
2026-05-08;08:19;Tipujici_46;Sprinter;1;Milan;Milan Jonathan
2026-05-08;08:19;Tipujici_46;Mladik;1;Pellizzari;Pellizzari Giulio
2026-05-08;08:19;Tipujici_46;Tym;1;Red Bull;Red Bull
2026-05-08;08:19;Tipujici_46;30+;1;Hindley;Hindley Jai
2026-05-08;08:19;Tipujici_46;30+;2;Ciccone;Ciccone Giulio
2026-05-08;08:19;Tipujici_46;30+;3;Yates;Yates Adam
2026-05-08;08:26;Tipujici_10;GC;1;Vingegaard;Vingegaard Jonas
2026-05-08;08:26;Tipujici_10;GC;2;Pellizzari;Pellizzari Giulio
2026-05-08;08:26;Tipujici_10;GC;3;Gall;Gall Felix
2026-05-08;08:26;Tipujici_10;Vrchar;1;Ciccone;Ciccone Giulio
2026-05-08;08:26;Tipujici_10;Sprinter;1;Milan;Milan Jonathan
2026-05-08;08:26;Tipujici_10;Mladik;1;Pellizzari;Pellizzari Giulio
2026-05-08;08:26;Tipujici_10;Tym;1;UAE;UAE
2026-05-08;08:26;Tipujici_10;30+;1;Hindley;Hindley Jai
2026-05-08;08:26;Tipujici_10;30+;2;Yates;Yates Adam
2026-05-08;08:26;Tipujici_10;30+;3;O' Connor;O Connor Ben
2026-05-08;08:29;Tipujici_56;GC;1;Vingegaard;Vingegaard Jonas
2026-05-08;08:29;Tipujici_56;GC;2;Pellizzari;Pellizzari Giulio
2026-05-08;08:29;Tipujici_56;GC;3;Bernal;Bernal Egan
2026-05-08;08:29;Tipujici_56;Vrchar;1;Arensman;Arensman Thymen
2026-05-08;08:29;Tipujici_56;Sprinter;1;Milan;Milan Jonathan
2026-05-08;08:29;Tipujici_56;Mladik;1;Pellizzari;Pellizzari Giulio
2026-05-08;08:29;Tipujici_56;Tym;1;UAE;UAE
2026-05-08;08:29;Tipujici_56;30+;1;Hindley;Hindley Jai
2026-05-08;08:29;Tipujici_56;30+;2;Yates;Yates Adam
2026-05-08;08:29;Tipujici_56;30+;3;O'Connor;O Connor Ben
2026-05-08;09:06;Tipujici_29;GC;1;Vingegaard;Vingegaard Jonas
2026-05-08;09:06;Tipujici_29;GC;2;Pellizari;Pellizzari Giulio
2026-05-08;09:06;Tipujici_29;GC;3;J.Vine;Vine Jay
2026-05-08;09:06;Tipujici_29;Vrchar;1;Maglia azzurra - Soler;Soler Marc
2026-05-08;09:06;Tipujici_29;Sprinter;1;Maglia ciclamino - Gana;Ganna Filippo
2026-05-08;09:06;Tipujici_29;Mladik;1;Maglia bianca - Pellizzari;Pellizzari Giulio
2026-05-08;09:06;Tipujici_29;Tym;1;UAE;UAE
2026-05-08;09:06;Tipujici_29;30+;1;Vine;Vine Jay
2026-05-08;09:06;Tipujici_29;30+;2;Yates;Yates Adam
2026-05-08;09:06;Tipujici_29;30+;3;Ciccone;Ciccone Giulio
2026-05-08;09:07;Tipujici_11;GC;1;Jonas Vingegaard;Vingegaard Jonas
2026-05-08;09:07;Tipujici_11;GC;2;Jai Hindley;Hindley Jai
2026-05-08;09:07;Tipujici_11;GC;3;Thymen Arensman;Arensman Thymen
2026-05-08;09:07;Tipujici_11;Vrchar;1;Giulio Ciccone;Ciccone Giulio
2026-05-08;09:07;Tipujici_11;Sprinter;1;Paul Magnier;Magnier Paul
2026-05-08;09:07;Tipujici_11;Mladik;1;Giulio Pellizzari;Pellizzari Giulio
2026-05-08;09:07;Tipujici_11;Tym;1;Red Bull;Red Bull
2026-05-08;09:07;Tipujici_11;30+;1;Jai Hindley;Hindley Jai
2026-05-08;09:07;Tipujici_11;30+;2;Jan Hirt;Hirt Jan
2026-05-08;09:07;Tipujici_11;30+;3;Adam Yates;Yates Adam
2026-05-08;09:20;Tipujici_34;GC;1;Vingegaard;Vingegaard Jonas
2026-05-08;09:20;Tipujici_34;GC;2;Yates;Yates Adam
2026-05-08;09:20;Tipujici_34;GC;3;Pelizzari;Pellizzari Giulio
2026-05-08;09:20;Tipujici_34;Vrchar;1;bodky: Vine;Vine Jay
2026-05-08;09:20;Tipujici_34;Sprinter;1;sprinter: Groves;Groves Kaden
2026-05-08;09:20;Tipujici_34;Mladik;1;mladik: Pelizzari;Pellizzari Giulio
2026-05-08;09:20;Tipujici_34;Tym;1;Visma;Visma
2026-05-08;09:20;Tipujici_34;30+;1;Yates;Yates Adam
2026-05-08;09:20;Tipujici_34;30+;2;Connor;O Connor Ben
2026-05-08;09:20;Tipujici_34;30+;3;Kuss;Kuss Sepp
2026-05-08;09:31;Tipujici_51;GC;1;Vingegaard;Vingegaard Jonas
2026-05-08;09:31;Tipujici_51;GC;2;Pellizzari;Pellizzari Giulio
2026-05-08;09:31;Tipujici_51;GC;3;Bernal;Bernal Egan
2026-05-08;09:31;Tipujici_51;Vrchar;1;KOM: Scaroni;Scaroni Christian
2026-05-08;09:31;Tipujici_51;Sprinter;1;Body: Milan;Milan Jonathan
2026-05-08;09:31;Tipujici_51;Mladik;1;Mladik: Pellizzari;Pellizzari Giulio
2026-05-08;09:31;Tipujici_51;Tym;1;Visma;Visma
2026-05-08;09:31;Tipujici_51;30+;1;Yates;Yates Adam
2026-05-08;09:31;Tipujici_51;30+;2;Kuss;Kuss Sepp
2026-05-08;09:31;Tipujici_51;30+;3;O Connor;O Connor Ben
2026-05-08;09:42;Tipujici_43;GC;1;Vingegaard;Vingegaard Jonas
2026-05-08;09:42;Tipujici_43;GC;2;Pellizzari;Pellizzari Giulio
2026-05-08;09:42;Tipujici_43;GC;3;Gall;Gall Felix
2026-05-08;09:42;Tipujici_43;Vrchar;1;Vine;Vine Jay
2026-05-08;09:42;Tipujici_43;Sprinter;1;Milan;Milan Jonathan
2026-05-08;09:42;Tipujici_43;Mladik;1;Pellizzari;Pellizzari Giulio
2026-05-08;09:42;Tipujici_43;Tym;1;Red Bull - Bora - Hansgrohe;Red Bull
2026-05-08;09:42;Tipujici_43;30+;1;Hindley;Hindley Jai
2026-05-08;09:42;Tipujici_43;30+;2;O'Connor;O Connor Ben
2026-05-08;09:42;Tipujici_43;30+;3;Yates;Yates Adam
2026-05-08;09:54;Tipujici_32;GC;1;Vingegaard;Vingegaard Jonas
2026-05-08;09:54;Tipujici_32;GC;2;Pellizzari;Pellizzari Giulio
2026-05-08;09:54;Tipujici_32;GC;3;Yates;Yates Adam
2026-05-08;09:54;Tipujici_32;Vrchar;1;Ciccone;Ciccone Giulio
2026-05-08;09:54;Tipujici_32;Sprinter;1;Magnier;Magnier Paul
2026-05-08;09:54;Tipujici_32;Mladik;1;Pellizzari;Pellizzari Giulio
2026-05-08;09:54;Tipujici_32;Tym;1;Red Bull - Bora - Hansgrohe;Red Bull
2026-05-08;09:54;Tipujici_32;30+;1;Yates;Yates Adam
2026-05-08;09:54;Tipujici_32;30+;2;O'Connor;O Connor Ben
2026-05-08;09:54;Tipujici_32;30+;3;Hindley;Hindley Jai
2026-05-08;10:02;Tipujici_26;GC;1;Vingegaard;Vingegaard Jonas
2026-05-08;10:02;Tipujici_26;GC;2;BERNAL;Bernal Egan
2026-05-08;10:02;Tipujici_26;GC;3;Pellizzari;Pellizzari Giulio
2026-05-08;10:02;Tipujici_26;Vrchar;1;Ciccone;Ciccone Giulio
2026-05-08;10:02;Tipujici_26;Sprinter;1;Milan;Milan Jonathan
2026-05-08;10:02;Tipujici_26;Mladik;1;Pellizzari;Pellizzari Giulio
2026-05-08;10:02;Tipujici_26;Tym;1;UAE;UAE
2026-05-08;10:02;Tipujici_26;30+;1;Yates;Yates Adam
2026-05-08;10:02;Tipujici_26;30+;2;Vlasov;Vlasov Aleksandr
2026-05-08;10:02;Tipujici_26;30+;3;O Connor;O Connor Ben
2026-05-08;10:29;Tipujici_31;GC;1;Vingegaard;Vingegaard Jonas
2026-05-08;10:29;Tipujici_31;GC;2;Pellizzari;Pellizzari Giulio
2026-05-08;10:29;Tipujici_31;GC;3;Yates;Yates Adam
2026-05-08;10:29;Tipujici_31;Vrchar;1;Vingegaard;Vingegaard Jonas
2026-05-08;10:29;Tipujici_31;Sprinter;1;Milan;Milan Jonathan
2026-05-08;10:29;Tipujici_31;Mladik;1;Pellizzari;Pellizzari Giulio
2026-05-08;10:29;Tipujici_31;Tym;1;Visma;Visma
2026-05-08;10:29;Tipujici_31;30+;1;Yates;Yates Adam
2026-05-08;10:29;Tipujici_31;30+;2;Kuss;Kuss Sepp
2026-05-08;10:29;Tipujici_31;30+;3;Ciccone;Ciccone Giulio
2026-05-08;10:32;Tipujici_16;GC;1;Jonas;Vingegaard Jonas
2026-05-08;10:32;Tipujici_16;GC;2;Yates;Yates Adam
2026-05-08;10:32;Tipujici_16;GC;3;Pellizzari;Pellizzari Giulio
2026-05-08;10:32;Tipujici_16;Vrchar;1;Ciccone;Ciccone Giulio
2026-05-08;10:32;Tipujici_16;Sprinter;1;Milan;Milan Jonathan
2026-05-08;10:32;Tipujici_16;Mladik;1;Pellizzari;Pellizzari Giulio
2026-05-08;10:32;Tipujici_16;Tym;1;Visma;Visma
2026-05-08;10:32;Tipujici_16;30+;1;Yates;Yates Adam
2026-05-08;10:32;Tipujici_16;30+;2;O'connor;O Connor Ben
2026-05-08;10:32;Tipujici_16;30+;3;Mas;Mas Enric
2026-05-08;10:59;Tipujici_17;GC;1;vingegaard;Vingegaard Jonas
2026-05-08;10:59;Tipujici_17;GC;2;Gall;Gall Felix
2026-05-08;10:59;Tipujici_17;GC;3;Pellizzari;Pellizzari Giulio
2026-05-08;10:59;Tipujici_17;Vrchar;1;hory Cicone;Ciccone Giulio
2026-05-08;10:59;Tipujici_17;Sprinter;1;body - Millan;Milan Jonathan
2026-05-08;10:59;Tipujici_17;Mladik;1;bily Pellizzari;Pellizzari Giulio
2026-05-08;10:59;Tipujici_17;Tym;1;Bora;Red Bull
2026-05-08;10:59;Tipujici_17;30+;1;Yates;Yates Adam
2026-05-08;10:59;Tipujici_17;30+;2;Mas;Mas Enric
2026-05-08;10:59;Tipujici_17;30+;3;Kuss;Kuss Sepp
2026-05-08;11:05;Tipujici_15;GC;1;Vinge;Vingegaard Jonas
2026-05-08;11:05;Tipujici_15;GC;2;Yates;Yates Adam
2026-05-08;11:05;Tipujici_15;GC;3;Bernal;Bernal Egan
2026-05-08;11:05;Tipujici_15;Vrchar;1;Stoler;Storer Michael
2026-05-08;11:05;Tipujici_15;Sprinter;1;Milan;Milan Jonathan
2026-05-08;11:05;Tipujici_15;Mladik;1;Arensman;Arensman Thymen
2026-05-08;11:05;Tipujici_15;Tym;1;UAE;UAE
2026-05-08;11:05;Tipujici_15;30+;1;Yates;Yates Adam
2026-05-08;11:05;Tipujici_15;30+;2;Hindley;Hindley Jai
2026-05-08;11:05;Tipujici_15;30+;3;Mas;Mas Enric
2026-05-08;11:43;Tipujici_49;GC;1;Vinge;Vingegaard Jonas
2026-05-08;11:43;Tipujici_49;GC;2;Pellizzari;Pellizzari Giulio
2026-05-08;11:43;Tipujici_49;GC;3;Arensman;Arensman Thymen
2026-05-08;11:43;Tipujici_49;Vrchar;1;Cicco;Ciccone Giulio
2026-05-08;11:43;Tipujici_49;Sprinter;1;T.Lund Andersen;Lund Andersen Tobias
2026-05-08;11:43;Tipujici_49;Mladik;1;Pellizzari;Pellizzari Giulio
2026-05-08;11:43;Tipujici_49;Tym;1;UAE;UAE
2026-05-08;11:43;Tipujici_49;30+;1;Adam Yates;Yates Adam
2026-05-08;11:43;Tipujici_49;30+;2;Damiano Caruso;Caruso Damiano
2026-05-08;11:43;Tipujici_49;30+;3;Jan Hirt;Hirt Jan
