poradi;prezdivka;body
1;Tipujici_03;150
2;Tipujici_49;140
3;Tipujici_10;130
3;Tipujici_19;130
3;Tipujici_27;130
6;Tipujici_07;120
6;Tipujici_59;120
8;Tipujici_28;110
8;Tipujici_40;110
10;Tipujici_16;100
10;Tipujici_18;100
10;Tipujici_29;100
10;Tipujici_53;100
10;Tipujici_56;100
10;Tipujici_60;100
16;Tipujici_02;90
16;Tipujici_06;90
16;Tipujici_23;90
16;Tipujici_24;90
16;Tipujici_31;90
16;Tipujici_32;90
16;Tipujici_33;90
16;Tipujici_34;90
16;Tipujici_35;90
16;Tipujici_46;90
16;Tipujici_50;90
16;Tipujici_61;90
28;Tipujici_01;80
29;Tipujici_08;70
29;Tipujici_13;70
29;Tipujici_14;70
29;Tipujici_22;70
29;Tipujici_30;70
29;Tipujici_36;70
29;Tipujici_37;70
29;Tipujici_45;70
37;Tipujici_05;60
37;Tipujici_20;60
37;Tipujici_25;60
37;Tipujici_43;60
37;Tipujici_44;60
37;Tipujici_48;60
37;Tipujici_51;60
37;Tipujici_52;60
37;Tipujici_55;60
46;Tipujici_17;50
46;Tipujici_39;50
46;Tipujici_42;50
46;Tipujici_47;50
46;Tipujici_54;50
51;Tipujici_21;40
51;Tipujici_58;40
