kategorie;typ;body_1;body_2;body_3;body_jinde;zdroj;popis
GC;podium;50;30;20;10;odvozeno z Vuelty;Celkove poradi - NUTNO OVERIT
Vrchar;jeden;30;;;;odvozeno z Vuelty;Puntikovany dres - NUTNO OVERIT
Sprinter;jeden;30;;;;odvozeno z Vuelty;Zeleny dres - NUTNO OVERIT
Mladik;jeden;30;;;;odvozeno z Vuelty;Bily dres - NUTNO OVERIT
Tym;jeden;30;;;;odvozeno z Vuelty;Vitezny tym - NUTNO OVERIT
30+;podium;50;30;20;10;odvozeno z Vuelty;Take Starci, Duchodci - NUTNO OVERIT
Bojovnik;jeden;30;;;;zadal uzivatel 25.9.2026;Take Nejbojovnejsi, Super combatif, Combativ
Tourmalet;jeden;30;;;;zadal uzivatel 25.9.2026;Tataz kategorie jako Souvenir Jacques Goddet
Galibier;jeden;30;;;;zadal uzivatel 25.9.2026;Tataz kategorie jako Souvenir Henri Desgrange
